Workbook

Sheet Danh_sach
A1: DANH SÁCH NHÀ ĐẤT — Smart-Home (dữ liệu mẫu)
A2: Mỗi dòng = 1 Record, mỗi cột = 1 Field, không Merge Cell. Chữ xanh = nhập; chữ đen = công thức. Đơn vị tiền: triệu VNĐ.
A4: Mã nhà | B4: Địa chỉ | C4: Quận/Huyện | D4: Loại hình | E4: Diện tích (m²) | F4: Giá khởi điểm | G4: Chiết khấu (%) | H4: Hạng môi giới | I4: % Hoa hồng | J4: Giá sau chiết khấu | K4: Hoa hồng | L4: Giá thuê/tháng
A5: SH001 | B5: 12 Nguyễn Huệ | C5: Quận 1 | D5: Căn hộ | E5: 65 | F5: 5200 | G5: 0.03 | H5: A | I5: =VLOOKUP(H5,Hoa_hong!$A$4:$B$6,2,FALSE()) -> 0.03 | J5: =F5*(1-G5) -> 5044 | K5: =J5*I5 -> 151.32 | L5: =J5*Tham_so!$B$4/12 -> 25.22
A6: SH002 | B6: 45 Lê Văn Việt | C6: TP Thủ Đức | D6: Nhà phố | E6: 80 | F6: 6800 | G6: 0.05 | H6: B | I6: =VLOOKUP(H6,Hoa_hong!$A$4:$B$6,2,FALSE()) -> 0.02 | J6: =F6*(1-G6) -> 6460 | K6: =J6*I6 -> 129.2 | L6: =J6*Tham_so!$B$4/12 -> 32.3
A7: SH003 | B7: 8 Trần Não | C7: TP Thủ Đức | D7: Biệt thự | E7: 200 | F7: 15000 | G7: 0.04 | H7: A | I7: =VLOOKUP(H7,Hoa_hong!$A$4:$B$6,2,FALSE()) -> 0.03 | J7: =F7*(1-G7) -> 14400 | K7: =J7*I7 -> 432 | L7: =J7*Tham_so!$B$4/12 -> 72
A8: SH004 | B8: 23 Phan Văn Trị | C8: Gò Vấp | D8: Nhà phố | E8: 60 | F8: 4100 | G8: 0.02 | H8: C | I8: =VLOOKUP(H8,Hoa_hong!$A$4:$B$6,2,FALSE()) -> 0.015 | J8: =F8*(1-G8) -> 4018 | K8: =J8*I8 -> 60.27 | L8: =J8*Tham_so!$B$4/12 -> 20.09
A9: SH005 | B9: 101 Nguyễn Văn Linh | C9: Quận 7 | D9: Căn hộ | E9: 75 | F9: 4800 | G9: 0.05 | H9: B | I9: =VLOOKUP(H9,Hoa_hong!$A$4:$B$6,2,FALSE()) -> 0.02 | J9: =F9*(1-G9) -> 4560 | K9: =J9*I9 -> 91.2 | L9: =J9*Tham_so!$B$4/12 -> 22.8
A10: SH006 | B10: 77 Cộng Hòa | C10: Tân Bình | D10: Nhà phố | E10: 90 | F10: 7500 | G10: 0.06 | H10: A | I10: =VLOOKUP(H10,Hoa_hong!$A$4:$B$6,2,FALSE()) -> 0.03 | J10: =F10*(1-G10) -> 7050 | K10: =J10*I10 -> 211.5 | L10: =J10*Tham_so!$B$4/12 -> 35.25
A11: SH007 | B11: 5 Võ Văn Kiệt | C11: Quận 5 | D11: Căn hộ | E11: 55 | F11: 3600 | G11: 0 | H11: C | I11: =VLOOKUP(H11,Hoa_hong!$A$4:$B$6,2,FALSE()) -> 0.015 | J11: =F11*(1-G11) -> 3600 | K11: =J11*I11 -> 54 | L11: =J11*Tham_so!$B$4/12 -> 18
A12: SH008 | B12: 32 Lý Thường Kiệt | C12: Quận 10 | D12: Nhà phố | E12: 70 | F12: 6200 | G12: 0.03 | H12: B | I12: =VLOOKUP(H12,Hoa_hong!$A$4:$B$6,2,FALSE()) -> 0.02 | J12: =F12*(1-G12) -> 6014 | K12: =J12*I12 -> 120.28 | L12: =J12*Tham_so!$B$4/12 -> 30.07
A13: SH009 | B13: 18 Quang Trung | C13: Gò Vấp | D13: Đất nền | E13: 100 | F13: 3900 | G13: 0.08 | H13: C | I13: =VLOOKUP(H13,Hoa_hong!$A$4:$B$6,2,FALSE()) -> 0.015 | J13: =F13*(1-G13) -> 3588 | K13: =J13*I13 -> 53.82 | L13: =J13*Tham_so!$B$4/12 -> 17.94
A14: SH010 | B14: 60 Huỳnh Tấn Phát | C14: Quận 7 | D14: Căn hộ | E14: 85 | F14: 5600 | G14: 0.04 | H14: A | I14: =VLOOKUP(H14,Hoa_hong!$A$4:$B$6,2,FALSE()) -> 0.03 | J14: =F14*(1-G14) -> 5376 | K14: =J14*I14 -> 161.28 | L14: =J14*Tham_so!$B$4/12 -> 26.88

Sheet Hoa_hong
A1: BẢNG TRA HOA HỒNG MÔI GIỚI
A2: Dữ liệu mẫu (giả định). Chữ xanh = dữ liệu nhập.
A3: Hạng môi giới | B3: % Hoa hồng
A4: A | B4: 0.03
A5: B | B5: 0.02
A6: C | B6: 0.015

Sheet Tham_so
A1: THAM SỐ VÀ TỔNG HỢP
A2: Giả định do Tutor đặt; thay bằng số liệu thật của dự án.
A4: Tỷ suất cho thuê/năm (giả định) | B4: 0.06
A5: Tổng giá sau chiết khấu (triệu VNĐ) | B5: =SUM(Danh_sach!J5:J14) -> 60110
A6: Tổng hoa hồng môi giới (triệu VNĐ) | B6: =SUM(Danh_sach!K5:K14) -> 1464.87
A7: Số căn trong danh sách | B7: =COUNTA(Danh_sach!A5:A14) -> 10

Sheet Kiem_thu
A1: KIỂM THỬ: TRÔI VÙNG KHI KÉO CÔNG THỨC
A2: Mô phỏng kết quả khi kéo công thức xuống 4 dòng. Cột sai dùng Hoa_hong!A4:B6 (không $), cột đúng dùng $A$4:$B$6.
A4: Hạng | B4: Vùng tra khi kéo (sai) | C4: Kết quả SAI (không $) | D4: Kết quả ĐÚNG ($A$4:$B$6)
A5: A | B5: Hoa_hong!A4:B6 | C5: =IFERROR(VLOOKUP(A5,Hoa_hong!A4:B6,2,FALSE()),"LỖI: trôi vùng") -> 0.03 | D5: =VLOOKUP(A5,Hoa_hong!$A$4:$B$6,2,FALSE()) -> 0.03
A6: A | B6: Hoa_hong!A5:B7 | C6: =IFERROR(VLOOKUP(A6,Hoa_hong!A5:B7,2,FALSE()),"LỖI: trôi vùng") -> LỖI: trôi vùng | D6: =VLOOKUP(A6,Hoa_hong!$A$4:$B$6,2,FALSE()) -> 0.03
A7: B | B7: Hoa_hong!A6:B8 | C7: =IFERROR(VLOOKUP(A7,Hoa_hong!A6:B8,2,FALSE()),"LỖI: trôi vùng") -> LỖI: trôi vùng | D7: =VLOOKUP(A7,Hoa_hong!$A$4:$B$6,2,FALSE()) -> 0.02
A8: A | B8: Hoa_hong!A7:B9 | C8: =IFERROR(VLOOKUP(A8,Hoa_hong!A7:B9,2,FALSE()),"LỖI: trôi vùng") -> LỖI: trôi vùng | D8: =VLOOKUP(A8,Hoa_hong!$A$4:$B$6,2,FALSE()) -> 0.03
